CustomerID;Name;Surname;Email
1077;Konstantin;Hopf;konstantin.hopf@uni-bamberg.de
3189;Anna;Kupfer;anna.kupfer@uni-bamberg.de
1309;Zuzanna;Dy;zuzanna-anna.dydek@stud.uni-bamberg.de
1320;Nicolas;Quero;nicolas-laurent-louis.quero@stud.uni-bamberg.de
1435;Remi;Stiegler;remi.stiegler@stud.uni-bamberg.de
1477;Romana;Ernstova;ernstova.r@gmail.com
1479;Stanislas;Deville;stanislas-joseph-julien.deville@stud.uni-bamberg.de
1570;Stanislav;Lokhtin;stanislav.lokhtin@stud.uni-bamberg.de
